"CBSA","CBSA Code","Year","Days with AQI","Good Days","Moderate Days","Unhealthy for Sensitive Groups Days","Unhealthy Days","Very Unhealthy Days","Hazardous Days","Max AQI","90th Percentile AQI","Median AQI","Days CO","Days NO2","Days Ozone","Days SO2","Days PM2.5","Days PM10"
"Aberdeen, WA","10140",1995,6,6,0,0,0,0,0,26,26,17,0,0,0,0,0,6
"Adrian, MI","10300",1995,173,116,45,8,4,0,0,179,90,44,0,0,173,0,0,0
"Akron, OH","10420",1995,365,172,133,49,10,1,0,202,107,54,26,0,128,202,0,9
"Alamogordo, NM","10460",1995,6,6,0,0,0,0,0,20,20,13,0,0,0,0,0,6
"Albany, GA","10500",1995,364,361,3,0,0,0,0,74,16,3,0,0,0,364,0,0
"Albany-Schenectady-Troy, NY","10580",1995,365,298,44,20,3,0,0,169,80,37,2,73,250,35,0,5
"Albuquerque, NM","10740",1995,365,151,199,14,1,0,0,154,84,54,47,35,225,0,0,58
"Alexandria, LA","10780",1995,358,255,78,22,3,0,0,159,90,42,0,0,356,0,0,2
"Allentown-Bethlehem-Easton, PA-NJ","10900",1995,365,225,98,26,13,3,0,207,108,46,1,158,122,82,0,2
"Alpena, MI","10980",1995,50,47,3,0,0,0,0,63,46,22,0,0,0,0,0,50
"Altoona, PA","11020",1995,357,226,109,15,7,0,0,179,90,45,1,50,170,130,0,6
"Amarillo, TX","11100",1995,59,58,1,0,0,0,0,59,32,16,0,0,0,0,0,59
"Anchorage, AK","11260",1995,363,245,113,5,0,0,0,126,74,38,133,0,0,0,0,230
"Ann Arbor, MI","11460",1995,175,131,29,12,3,0,0,166,93,39,0,0,175,0,0,0
"Anniston-Oxford-Jacksonville, AL","11500",1995,59,56,3,0,0,0,0,57,37,19,0,0,0,0,0,59
"Appleton, WI","11540",1995,181,149,21,9,2,0,0,161,84,37,0,0,181,0,0,0
"Ardmore, OK","11620",1995,55,53,2,0,0,0,0,54,44,18,0,0,0,0,0,55
"Asheville, NC","11700",1995,365,234,97,30,4,0,0,195,97,40,0,0,202,0,17,146
"Ashtabula, OH","11780",1995,357,273,55,19,9,1,0,215,90,37,0,0,194,163,0,0
"Athens, OH","11900",1995,59,59,0,0,0,0,0,46,31,17,0,0,0,0,0,59
"Athens, TN","11940",1995,360,314,41,5,0,0,0,115,55,26,0,160,0,157,0,43
"Atlanta-Sandy Springs-Roswell, GA","12060",1995,365,165,109,48,29,14,0,229,156,55,34,60,204,62,0,5
"Atlantic City-Hammonton, NJ","12100",1995,365,258,70,28,8,1,0,204,101,39,41,0,266,10,39,9
"Auburn, IN","12140",1995,98,87,11,0,0,0,0,80,54,16,0,61,0,13,0,24
"Augusta-Richmond County, GA-SC","12260",1995,365,244,85,32,4,0,0,185,100,39,0,10,327,25,0,3
"Augusta-Waterville, ME","12300",1995,240,218,16,6,0,0,0,133,49,31,0,0,213,0,0,27
"Austin-Round Rock, TX","12420",1995,365,253,64,38,10,0,0,179,108,42,3,115,242,0,0,5
"Bakersfield, CA","12540",1995,365,109,100,51,71,34,0,230,197,86,1,52,282,0,0,30
"Baltimore-Columbia-Towson, MD","12580",1995,365,158,123,49,22,13,0,244,147,58,17,56,184,106,0,2
"Bangor, ME","12620",1995,365,309,46,8,2,0,0,179,61,35,0,0,246,86,0,33
"Baraboo, WI","12660",1995,234,192,34,5,3,0,0,185,80,34,0,0,234,0,0,0
"Barnstable Town, MA","12700",1995,213,157,32,16,5,3,0,221,108,41,0,0,213,0,0,0
"Barre, VT","12740",1995,58,58,0,0,0,0,0,43,27,16,0,0,0,0,0,58
"Baton Rouge, LA","12940",1995,365,159,112,64,25,5,0,216,140,59,1,43,208,111,0,2
"Battle Creek, MI","12980",1995,59,57,2,0,0,0,0,55,46,20,0,0,0,0,0,59
"Beatrice, NE","13100",1995,12,12,0,0,0,0,0,35,24,16,0,0,0,0,0,12
"Beaumont-Port Arthur, TX","13140",1995,365,154,120,60,28,3,0,213,140,59,0,14,200,151,0,0
"Beaver Dam, WI","13180",1995,181,145,26,9,1,0,0,156,80,39,0,0,181,0,0,0
"Beckley, WV","13220",1995,59,57,2,0,0,0,0,54,41,23,0,0,0,0,0,59
"Bellefontaine, OH","13340",1995,207,112,69,20,6,0,0,197,108,49,0,0,207,0,0,0
"Bellingham, WA","13380",1995,364,349,15,0,0,0,0,100,44,28,0,0,153,195,0,16
"Bend-Redmond, OR","13460",1995,212,185,27,0,0,0,0,77,53,30,86,0,0,0,0,126
"Bennington, VT","13540",1995,262,211,41,10,0,0,0,150,67,36,0,0,198,0,41,23
"Berlin, NH-VT","13620",1995,365,222,103,39,1,0,0,161,101,45,0,0,86,259,4,16
"Big Stone Gap, VA","13720",1995,61,60,1,0,0,0,0,52,35,19,0,0,0,0,0,61
"Billings, MT","13740",1995,365,20,90,218,37,0,0,200,151,113,0,0,0,365,0,0
"Binghamton, NY","13780",1995,57,57,0,0,0,0,0,45,28,18,0,0,0,0,0,57
"Birmingham-Hoover, AL","13820",1995,365,198,107,30,24,6,0,222,143,49,40,12,219,44,0,50
"Bishop, CA","13860",1995,365,274,64,8,4,3,3,3825,80,39,0,0,233,0,9,123
"Bismarck, ND","13900",1995,365,331,28,6,0,0,0,119,49,35,0,0,310,55,0,0
"Bluefield, WV-VA","14140",1995,60,60,0,0,0,0,0,44,37,19,0,0,0,0,0,60
"Boise City, ID","14260",1995,361,317,44,0,0,0,0,87,53,30,280,0,0,0,0,81
"Boone, NC","14380",1995,33,33,0,0,0,0,0,31,30,17,0,0,0,0,0,33
"Boston-Cambridge-Newton, MA-NH","14460",1995,365,139,172,40,13,1,0,212,107,57,4,122,81,155,0,3
"Boulder, CO","14500",1995,365,292,65,8,0,0,0,119,64,38,81,0,261,0,0,23
"Bowling Green, KY","14540",1995,360,225,110,19,6,0,0,187,93,43,0,0,311,0,46,3
"Bozeman, MT","14580",1995,122,105,17,0,0,0,0,97,53,24,0,0,0,0,0,122
"Branson, MO","14700",1995,365,365,0,0,0,0,0,23,13,11,365,0,0,0,0,0
"Breckenridge, CO","14720",1995,51,47,4,0,0,0,0,72,44,17,0,0,0,0,0,51
"Bremerton-Silverdale, WA","14740",1995,359,356,3,0,0,0,0,60,34,19,332,0,0,0,0,27
"Bridgeport-Stamford-Norwalk, CT","14860",1995,365,239,92,17,10,7,0,226,97,44,34,113,137,76,0,5
"Brookings, SD","15100",1995,61,59,2,0,0,0,0,56,37,19,0,0,0,0,0,61
"Brownsville, TN","15140",1995,181,97,66,17,1,0,0,164,100,50,0,0,181,0,0,0
"Brownsville-Harlingen, TX","15180",1995,348,321,24,3,0,0,0,119,49,31,46,0,273,2,0,27
"Brunswick, GA","15260",1995,337,321,14,2,0,0,0,129,44,14,0,0,143,194,0,0
"Buffalo-Cheektowaga-Niagara Falls, NY","15380",1995,365,105,152,100,8,0,0,190,120,71,0,51,63,251,0,0
"Burley, ID","15420",1995,61,60,1,0,0,0,0,59,37,19,0,0,0,0,0,61
"Burlington, NC","15500",1995,55,53,2,0,0,0,0,53,32,19,0,0,0,0,0,55
"Burlington-South Burlington, VT","15540",1995,365,314,43,8,0,0,0,133,64,35,2,155,195,1,8,4
"Butte-Silver Bow, MT","15580",1995,358,344,14,0,0,0,0,72,37,17,0,0,0,0,0,358
"Camden, AR","15780",1995,59,58,1,0,0,0,0,52,36,19,0,0,0,0,0,59
"Canton-Massillon, OH","15940",1995,365,227,99,26,13,0,0,200,101,42,4,0,194,112,0,55
"Cape Coral-Fort Myers, FL","15980",1995,365,327,35,3,0,0,0,115,51,36,0,0,363,0,0,2
"Carbondale-Marion, IL","16060",1995,59,58,1,0,0,0,0,53,38,18,0,0,0,0,0,59
"Carlsbad-Artesia, NM","16100",1995,361,349,12,0,0,0,0,81,31,15,0,239,0,122,0,0
"Carson City, NV","16180",1995,62,62,0,0,0,0,0,44,32,19,0,0,0,0,0,62
"Casper, WY","16220",1995,73,60,5,7,1,0,0,200,103,19,0,0,0,17,0,56
"Ca?on City, CO","15860",1995,290,288,2,0,0,0,0,56,30,15,0,0,0,0,0,290
"Cedar City, UT","16260",1995,57,57,0,0,0,0,0,43,25,17,0,0,0,0,0,57
"Cedar Rapids, IA","16300",1995,365,202,110,52,1,0,0,162,103,46,8,0,96,238,0,23
"Central City, KY","16420",1995,362,296,43,21,2,0,0,168,80,13,0,0,0,362,0,0
"Centralia, WA","16500",1995,59,59,0,0,0,0,0,46,38,28,0,0,59,0,0,0
"Champaign-Urbana, IL","16580",1995,365,284,57,21,3,0,0,159,90,33,0,0,328,35,0,2
"Charleston, WV","16620",1995,365,250,89,20,6,0,0,197,93,41,1,91,151,121,0,1
"Charleston-Mattoon, IL","16660",1995,59,59,0,0,0,0,0,46,33,13,0,0,0,0,0,59
"Charleston-North Charleston, SC","16700",1995,365,263,95,6,1,0,0,161,71,41,10,47,178,65,56,9
"Charlotte-Concord-Gastonia, NC-SC","16740",1995,365,196,106,42,19,2,0,205,133,49,50,63,227,21,0,4
"Charlottesville, VA","16820",1995,61,60,1,0,0,0,0,52,38,19,0,0,0,0,0,61
"Chattanooga, TN-GA","16860",1995,365,250,77,30,7,1,0,202,101,40,0,0,349,0,0,16
"Cheyenne, WY","16940",1995,45,45,0,0,0,0,0,37,24,11,0,0,0,0,0,45
"Chicago-Naperville-Elgin, IL-IN-WI","16980",1995,365,54,201,80,19,11,0,225,133,77,2,52,87,198,0,26
"Chico, CA","17020",1995,365,269,87,8,1,0,0,151,77,39,29,98,230,0,0,8
"Cincinnati, OH-KY-IN","17140",1995,365,120,158,61,22,4,0,217,140,64,1,75,119,162,0,8
"Claremont-Lebanon, NH-VT","17200",1995,356,329,22,5,0,0,0,126,49,28,0,0,201,148,0,7
"Clarksdale, MS","17260",1995,54,53,1,0,0,0,0,52,27,15,0,0,0,0,0,54
"Clarksville, TN-KY","17300",1995,365,269,86,9,1,0,0,200,69,37,8,35,71,219,0,32
"Clearlake, CA","17340",1995,362,357,5,0,0,0,0,77,42,28,0,0,356,0,0,6
"Cleveland, TN","17420",1995,365,214,124,23,4,0,0,200,92,43,0,62,14,283,0,6
"Cleveland-Elyria, OH","17460",1995,365,63,164,117,19,2,0,206,133,85,5,19,68,245,0,28
"Clinton, IA","17540",1995,365,261,95,9,0,0,0,117,70,33,0,0,0,118,0,247
"Coeur d'Alene, ID","17660",1995,117,108,9,0,0,0,0,63,49,26,0,0,0,0,0,117
"Colorado Springs, CO","17820",1995,365,219,119,25,2,0,0,176,80,48,6,160,119,48,0,32
"Columbia, SC","17900",1995,365,178,156,28,3,0,0,169,100,51,7,20,171,47,0,120
"Columbus, GA-AL","17980",1995,290,182,75,26,7,0,0,185,105,44,0,0,271,0,0,19
"Columbus, OH","18140",1995,365,234,78,38,12,3,0,210,115,42,41,0,200,55,0,69
"Concord, NH","18180",1995,365,265,59,36,5,0,0,194,102,31,0,0,123,233,0,9
"Cookeville, TN","18260",1995,152,127,21,4,0,0,0,147,71,34,0,0,120,9,0,23
"Corning, NY","18500",1995,54,54,0,0,0,0,0,42,30,16,0,0,0,0,0,54
"Corpus Christi, TX","18580",1995,365,246,79,32,8,0,0,192,105,41,0,0,294,61,0,10
"Crescent City, CA","18860",1995,281,278,3,0,0,0,0,59,39,30,0,0,228,0,34,19
"Cumberland, MD-WV","19060",1995,362,359,3,0,0,0,0,54,31,14,0,0,0,316,0,46
"Dallas-Fort Worth-Arlington, TX","19100",1995,365,145,124,48,34,14,0,221,164,61,1,71,223,65,0,5
"Davenport-Moline-Rock Island, IA-IL","19340",1995,365,244,103,15,3,0,0,156,81,41,0,0,225,83,0,57
"Dayton, OH","19380",1995,365,267,68,22,8,0,0,195,93,36,80,0,208,58,0,19
"DeRidder, LA","19760",1995,363,302,50,10,1,0,0,182,64,36,0,12,351,0,0,0
"Decatur, AL","19460",1995,338,227,88,22,1,0,0,190,90,43,0,0,287,0,43,8
"Decatur, IL","19500",1995,365,270,73,20,2,0,0,177,80,40,0,0,260,102,0,3
"Deltona-Daytona Beach-Ormond Beach, FL","19660",1995,365,316,48,1,0,0,0,122,58,37,0,0,360,0,0,5
"Deming, NM","19700",1995,60,59,1,0,0,0,0,92,31,17,0,0,0,0,0,60
"Denver-Aurora-Lakewood, CO","19740",1995,365,97,224,40,4,0,0,156,102,61,7,186,109,54,0,9
"Des Moines-West Des Moines, IA","19780",1995,365,309,47,9,0,0,0,136,61,37,65,0,237,0,0,63
"Detroit-Warren-Dearborn, MI","19820",1995,365,122,126,100,14,3,0,207,128,71,8,38,58,211,0,50
"Dickinson, ND","19860",1995,365,365,0,0,0,0,0,44,17,6,0,0,0,319,0,46
"Dodge City, KS","19980",1995,38,36,2,0,0,0,0,77,44,22,0,0,0,0,0,38
"Dothan, AL","20020",1995,326,276,49,1,0,0,0,129,61,35,0,0,311,0,0,15
"Dover, DE","20100",1995,192,111,51,23,5,2,0,213,115,47,0,0,192,0,0,0
"Dubuque, IA","20220",1995,350,308,27,15,0,0,0,147,57,13,0,0,0,350,0,0
"Duluth, MN-WI","20260",1995,365,361,4,0,0,0,0,70,32,18,325,0,0,0,0,40
"Dunn, NC","20380",1995,59,59,0,0,0,0,0,50,34,21,0,0,0,0,0,59
"Durango, CO","20420",1995,365,315,50,0,0,0,0,84,54,40,0,43,308,0,0,14
"Durham-Chapel Hill, NC","20500",1995,365,222,96,42,5,0,0,164,108,44,133,0,195,33,0,4
"Dyersburg, TN","20540",1995,200,128,55,14,3,0,0,174,93,46,0,0,200,0,0,0
"Edwards, CO","20780",1995,142,142,0,0,0,0,0,37,22,15,0,0,0,0,0,142
"Effingham, IL","20820",1995,225,134,68,18,5,0,0,169,101,46,0,0,225,0,0,0
"El Centro, CA","20940",1995,365,99,147,67,40,12,0,250,164,76,26,62,255,0,0,22
"El Dorado, AR","20980",1995,361,283,67,11,0,0,0,135,71,19,0,0,0,330,0,31
"El Paso, TX","21340",1995,365,66,191,91,17,0,0,200,128,77,17,71,88,181,0,8
"Elizabeth City, NC","21020",1995,229,150,66,10,3,0,0,156,90,44,0,0,204,0,0,25
"Elizabethtown-Fort Knox, KY","21060",1995,234,123,76,27,7,1,0,206,108,48,0,0,210,0,0,24
"Elkhart-Goshen, IN","21140",1995,177,107,48,18,4,0,0,185,122,48,0,0,177,0,0,0
"Elko, NV","21220",1995,132,122,10,0,0,0,0,61,44,15,0,0,0,0,81,51
"Ellensburg, WA","21260",1995,102,101,1,0,0,0,0,52,27,12,0,0,0,0,93,9
"Elmira, NY","21300",1995,365,319,36,10,0,0,0,136,58,32,0,0,312,51,0,2
"Erie, PA","21500",1995,357,207,106,37,6,1,0,208,105,45,3,70,140,138,0,6
"Escanaba, MI","21540",1995,364,355,9,0,0,0,0,94,29,0,0,0,0,364,0,0
"Eugene, OR","21660",1995,365,312,52,1,0,0,0,122,56,35,160,0,127,0,5,73
"Eureka-Arcata-Fortuna, CA","21700",1995,57,56,1,0,0,0,0,57,30,18,0,0,0,0,0,57
"Evansville, IN-KY","21780",1995,365,41,119,150,53,2,0,203,166,105,0,3,79,283,0,0
"Fairbanks, AK","21820",1995,260,190,59,10,1,0,0,197,83,33,167,0,0,0,0,93
"Fallon, NV","21980",1995,47,45,2,0,0,0,0,60,42,25,0,0,0,0,0,47
"Fargo, ND-MN","22020",1995,161,160,1,0,0,0,0,51,34,23,0,40,69,9,0,43
"Farmington, NM","22140",1995,365,96,120,137,12,0,0,200,131,87,16,0,0,346,0,3
"Fayetteville, NC","22180",1995,359,267,66,21,5,0,0,179,90,34,137,0,212,0,0,10
"Fayetteville-Springdale-Rogers, AR-MO","22220",1995,58,58,0,0,0,0,0,48,33,23,0,0,0,0,0,58
"Findlay, OH","22300",1995,61,61,0,0,0,0,0,44,38,28,0,0,0,0,0,61
"Flagstaff, AZ","22380",1995,362,233,128,1,0,0,0,101,77,48,0,0,359,0,1,2
"Flint, MI","22420",1995,358,306,38,13,1,0,0,159,66,30,0,0,179,160,0,19
"Florence, SC","22500",1995,337,251,82,4,0,0,0,147,77,35,0,0,337,0,0,0
"Florence-Muscle Shoals, AL","22520",1995,322,261,50,11,0,0,0,133,71,26,0,0,108,184,0,30
"Fond du Lac, WI","22540",1995,184,146,25,11,2,0,0,169,80,38,0,0,184,0,0,0
"Fort Collins, CO","22660",1995,365,268,90,7,0,0,0,136,67,45,42,0,320,0,0,3
"Fort Madison-Keokuk, IA-IL-MO","22800",1995,355,263,62,29,1,0,0,152,94,16,0,0,0,355,0,0
"Fort Payne, AL","22840",1995,52,50,2,0,0,0,0,59,36,23,0,0,0,0,0,52
"Fort Smith, AR-OK","22900",1995,58,56,2,0,0,0,0,52,41,24,0,0,0,0,0,58
"Fort Wayne, IN","23060",1995,362,262,64,25,11,0,0,197,100,32,151,0,179,0,0,32
"Fremont, OH","23380",1995,91,81,10,0,0,0,0,67,51,34,0,0,0,0,0,91
"Fresno, CA","23420",1995,365,136,108,59,48,14,0,222,172,67,21,108,224,0,0,12
"Gadsden, AL","23460",1995,60,58,2,0,0,0,0,59,43,30,0,0,0,0,0,60
"Gaffney, SC","23500",1995,244,142,78,23,1,0,0,177,100,47,0,0,244,0,0,0
"Gainesville, FL","23540",1995,61,61,0,0,0,0,0,46,27,18,0,0,0,0,0,61
"Gallup, NM","23700",1995,60,60,0,0,0,0,0,33,29,16,0,0,0,0,0,60
"Gardnerville Ranchos, NV","23820",1995,360,303,55,2,0,0,0,140,61,42,1,27,328,0,0,4
"Georgetown, SC","23860",1995,364,333,30,1,0,0,0,112,48,29,0,0,0,32,0,332
"Gillette, WY","23940",1995,62,55,7,0,0,0,0,79,52,23,0,0,0,0,0,62
"Glens Falls, NY","24020",1995,358,358,0,0,0,0,0,43,20,9,0,0,0,305,0,53
"Glenwood Springs, CO","24060",1995,340,322,18,0,0,0,0,66,43,19,0,0,0,0,8,332
"Goldsboro, NC","24140",1995,61,61,0,0,0,0,0,38,28,18,0,0,0,0,0,61
"Grand Forks, ND-MN","24220",1995,61,61,0,0,0,0,0,46,28,14,0,0,0,0,0,61
"Grand Island, NE","24260",1995,25,25,0,0,0,0,0,39,25,17,0,0,0,0,0,25
"Grand Junction, CO","24300",1995,365,340,25,0,0,0,0,60,48,31,286,0,0,0,0,79
"Grand Rapids-Wyoming, MI","24340",1995,365,295,43,18,7,2,0,229,84,30,111,0,180,27,0,47
"Grants Pass, OR","24420",1995,250,219,31,0,0,0,0,78,52,35,203,0,0,0,0,47
"Grants, NM","24380",1995,53,53,0,0,0,0,0,34,26,15,0,0,0,0,0,53
"Great Falls, MT","24500",1995,365,307,56,2,0,0,0,132,57,25,164,0,0,170,0,31
"Greeley, CO","24540",1995,365,300,61,4,0,0,0,115,58,38,70,0,282,0,0,13
"Green Bay, WI","24580",1995,362,301,35,20,5,1,0,204,80,29,0,0,169,193,0,0
"Greensboro-High Point, NC","24660",1995,358,250,79,25,4,0,0,195,97,38,133,0,210,0,0,15
"Greenville, MS","24740",1995,47,45,2,0,0,0,0,53,38,18,0,0,0,0,0,47
"Greenville, NC","24780",1995,233,153,61,18,1,0,0,156,93,44,0,0,209,0,0,24
"Greenville-Anderson-Mauldin, SC","24860",1995,365,217,111,32,4,1,0,203,101,45,11,71,217,0,0,66
"Greenwood, SC","24940",1995,235,144,78,11,2,0,0,156,90,44,0,0,235,0,0,0
"Guayama, PR","25020",1995,111,106,5,0,0,0,0,77,40,19,0,0,0,0,0,111
"Gulfport-Biloxi-Pascagoula, MS","25060",1995,363,214,91,52,6,0,0,172,119,47,0,0,236,121,0,6
"Hagerstown-Martinsburg, MD-WV","25180",1995,35,34,1,0,0,0,0,52,38,25,0,0,0,0,0,35
"Hailey, ID","25200",1995,58,58,0,0,0,0,0,36,27,17,0,0,0,0,0,58
"Hanford-Corcoran, CA","25260",1995,364,212,128,23,1,0,0,163,93,46,0,100,235,0,0,29
"Hannibal, MO","25300",1995,58,57,1,0,0,0,0,64,32,17,0,0,0,0,0,58
"Harrisburg-Carlisle, PA","25420",1995,365,254,71,30,9,1,0,201,105,43,1,151,151,59,0,3
"Harrison, AR","25460",1995,352,279,69,4,0,0,0,126,67,39,0,0,305,0,47,0
"Hartford-West Hartford-East Hartford, CT","25540",1995,365,279,49,24,9,4,0,219,101,41,89,90,171,13,0,2
"Hastings, NE","25580",1995,52,51,1,0,0,0,0,52,31,16,0,0,0,0,0,52
"Helena, MT","25740",1995,365,89,131,116,29,0,0,200,141,82,0,0,0,353,0,12
"Helena-West Helena, AR","25760",1995,54,53,1,0,0,0,0,52,40,21,0,0,0,0,0,54
"Hermiston-Pendleton, OR","25840",1995,211,197,14,0,0,0,0,67,45,22,0,0,0,0,0,211
"Hickory-Lenoir-Morganton, NC","25860",1995,249,127,95,26,1,0,0,166,101,50,0,0,213,11,0,25
"Hilo, HI","25900",1995,362,225,7,32,98,0,0,200,200,32,0,0,61,301,0,0
"Hobbs, NM","26020",1995,61,60,1,0,0,0,0,51,23,14,0,0,0,0,0,61
"Holland, MI","26090",1995,274,185,49,26,10,4,0,260,126,40,0,91,183,0,0,0
"Homosassa Springs, FL","26140",1995,101,74,27,0,0,0,0,75,58,36,0,0,0,0,101,0
"Hot Springs, AR","26300",1995,57,56,1,0,0,0,0,52,37,21,0,0,0,0,0,57
"Houma-Thibodaux, LA","26380",1995,339,250,43,33,12,1,0,205,119,36,0,0,339,0,0,0
"Houston-The Woodlands-Sugar Land, TX","26420",1995,365,59,149,81,37,39,0,254,204,89,0,53,138,170,0,4
"Huntington-Ashland, WV-KY-OH","26580",1995,365,52,182,109,21,1,0,207,134,85,0,2,74,286,0,3
"Huntsville, AL","26620",1995,365,239,89,34,3,0,0,169,101,41,9,0,336,0,0,20
"Idaho Falls, ID","26820",1995,353,333,20,0,0,0,0,61,48,40,0,0,338,0,6,9
"Indianapolis-Carmel-Anderson, IN","26900",1995,365,124,153,68,18,2,0,206,133,64,2,41,125,185,0,12
"Iron Mountain, MI-WI","27020",1995,181,163,16,2,0,0,0,122,50,34,0,0,181,0,0,0
"Jackson, MS","27140",1995,365,268,85,12,0,0,0,136,80,39,36,0,252,15,0,62
"Jackson, TN","27180",1995,159,138,19,2,0,0,0,112,57,36,0,60,45,13,0,41
"Jackson, WY-ID","27220",1995,337,303,34,0,0,0,0,80,51,41,0,0,278,0,11,48
"Jacksonville, FL","27260",1995,365,201,123,36,5,0,0,200,104,47,9,30,188,134,0,4
"Jacksonville, NC","27340",1995,56,56,0,0,0,0,0,40,27,18,0,0,0,0,0,56
"Jamestown-Dunkirk-Fredonia, NY","27460",1995,363,228,95,36,4,0,0,161,102,42,0,0,217,141,0,5
"Janesville-Beloit, WI","27500",1995,184,133,36,11,4,0,0,182,93,42,0,0,184,0,0,0
"Jasper, IN","27540",1995,346,254,48,41,3,0,0,200,109,24,0,0,0,322,0,24
"Jefferson City, MO","27620",1995,29,29,0,0,0,0,0,45,23,12,0,0,0,0,0,29
"Johnson City, TN","27740",1995,59,57,2,0,0,0,0,53,35,22,0,0,0,0,0,59
"Johnstown, PA","27780",1995,362,218,106,31,7,0,0,200,102,46,1,49,134,177,0,1
"Jonesboro, AR","27860",1995,58,53,5,0,0,0,0,61,46,21,0,0,0,0,0,58
"Juneau, AK","27940",1995,363,345,18,0,0,0,0,69,37,13,0,0,0,0,0,363
"Kahului-Wailuku-Lahaina, HI","27980",1995,225,224,1,0,0,0,0,60,37,28,0,0,169,0,56,0
"Kalamazoo-Portage, MI","28020",1995,365,299,43,15,7,1,0,201,77,37,0,113,230,21,0,1
"Kalispell, MT","28060",1995,365,313,52,0,0,0,0,93,56,35,17,0,204,0,17,127
"Kansas City, MO-KS","28140",1995,365,124,159,61,18,3,0,221,126,61,6,138,148,52,0,21
"Kapaa, HI","28180",1995,57,57,0,0,0,0,0,34,23,15,0,0,0,0,0,57
"Kearney, NE","28260",1995,58,50,8,0,0,0,0,80,55,20,0,0,0,0,0,58
"Keene, NH","28300",1995,356,305,47,4,0,0,0,112,58,33,0,0,193,159,0,4
"Kennewick-Richland, WA","28420",1995,313,310,3,0,0,0,0,78,31,14,0,0,0,0,0,313
"Ketchikan, AK","28540",1995,56,45,11,0,0,0,0,66,57,19,0,0,0,0,0,56
"Killeen-Temple, TX","28660",1995,58,57,1,0,0,0,0,52,29,13,0,0,0,0,0,58
"Kingsport-Bristol-Bristol, TN-VA","28700",1995,365,94,114,135,22,0,0,200,141,89,2,25,79,251,0,8
"Kingston, NY","28740",1995,365,308,43,11,3,0,0,159,67,36,0,0,355,7,0,3
"Klamath Falls, OR","28900",1995,255,246,9,0,0,0,0,60,44,24,80,0,0,0,45,130
"Knoxville, TN","28940",1995,365,95,146,96,24,4,0,216,140,77,7,0,188,156,9,5
"La Grande, OR","29260",1995,173,162,11,0,0,0,0,84,41,23,0,0,0,0,0,173
"Lafayette, LA","29180",1995,362,259,65,27,10,1,0,201,112,38,0,0,359,0,0,3
"Lafayette-West Lafayette, IN","29200",1995,268,155,81,29,3,0,0,182,108,47,0,68,113,83,0,4
"Lake Charles, LA","29340",1995,365,258,79,22,6,0,0,185,97,41,0,6,320,36,0,3
"Lakeland-Winter Haven, FL","29460",1995,365,279,76,10,0,0,0,143,74,40,0,0,265,97,0,3
"Lancaster, PA","29540",1995,355,257,58,24,14,2,0,209,108,40,3,115,173,44,0,20
"Lansing-East Lansing, MI","29620",1995,183,135,32,12,4,0,0,182,93,43,0,0,183,0,0,0
"Laramie, WY","29660",1995,143,140,3,0,0,0,0,60,29,12,0,0,0,0,82,61
"Laredo, TX","29700",1995,36,34,2,0,0,0,0,55,48,26,0,0,0,0,0,36
"Las Cruces, NM","29740",1995,365,87,215,55,8,0,0,183,111,64,2,0,128,91,0,144
"Las Vegas-Henderson-Paradise, NV","29820",1995,365,94,240,27,4,0,0,181,98,65,51,93,155,0,0,66
"Laurel, MS","29860",1995,59,59,0,0,0,0,0,47,33,19,0,0,0,0,0,59
"Lawton, OK","30020",1995,362,280,69,12,1,0,0,159,77,40,3,30,322,0,0,7
"Lewiston, ID-WA","30300",1995,346,325,21,0,0,0,0,85,44,20,305,0,0,0,0,41
"Lewiston-Auburn, ME","30340",1995,365,336,29,0,0,0,0,95,44,13,0,0,0,331,0,34
"Lexington, NE","30420",1995,57,47,10,0,0,0,0,85,55,27,0,0,0,0,0,57
"Lexington-Fayette, KY","30460",1995,365,250,80,22,13,0,0,197,100,42,1,140,178,39,0,7
"Lima, OH","30620",1995,361,279,49,26,7,0,0,192,97,34,0,0,203,133,0,25
"Lincoln, NE","30700",1995,365,339,26,0,0,0,0,90,46,31,161,0,189,0,0,15
"Little Rock-North Little Rock-Conway, AR","30780",1995,365,255,68,36,6,0,0,187,101,42,35,44,278,1,0,7
"Logan, UT-ID","30860",1995,201,180,21,0,0,0,0,84,51,38,56,0,100,0,0,45
"London, KY","30940",1995,57,53,4,0,0,0,0,62,44,20,0,0,0,0,0,57
"Longview, TX","30980",1995,344,202,74,42,24,2,0,205,133,45,0,0,344,0,0,0
"Longview, WA","31020",1995,61,60,1,0,0,0,0,55,31,20,0,0,0,0,0,61
"Los Alamos, NM","31060",1995,90,90,0,0,0,0,0,35,22,11,0,0,0,0,90,0
"Los Angeles-Long Beach-Anaheim, CA","31080",1995,365,43,106,111,45,60,0,256,212,107,26,153,182,2,0,2
"Louisville/Jefferson County, KY-IN","31140",1995,365,99,156,84,23,3,0,209,136,74,17,30,111,207,0,0
"Lubbock, TX","31180",1995,246,218,20,3,2,1,2,498,54,19,0,0,0,0,0,246
"Ludington, MI","31220",1995,175,113,32,18,8,4,0,216,122,45,0,0,175,0,0,0
"Lumberton, NC","31300",1995,58,58,0,0,0,0,0,48,31,20,0,0,0,0,0,58
"Lynchburg, VA","31340",1995,59,58,1,0,0,0,0,51,45,20,0,0,0,0,0,59
"Madera, CA","31460",1995,364,222,90,39,13,0,0,192,115,43,0,0,347,0,0,17
"Madison, IN","31500",1995,355,265,66,24,0,0,0,150,84,24,0,0,0,355,0,0
"Madison, WI","31540",1995,365,285,56,18,6,0,0,185,87,34,149,0,165,41,0,10
"Malone, NY","31660",1995,23,23,0,0,0,0,0,49,29,12,0,0,0,0,0,23
"Manchester-Nashua, NH","31700",1995,363,269,70,18,6,0,0,187,85,39,38,24,180,119,0,2
"Manitowoc, WI","31820",1995,184,109,43,17,9,6,0,232,143,45,0,0,184,0,0,0
"Mansfield, OH","31900",1995,174,171,3,0,0,0,0,56,39,21,0,0,0,0,0,174
"Marietta, OH","31930",1995,206,111,67,18,10,0,0,185,119,49,0,0,206,0,0,0
"Marion, NC","32000",1995,61,60,1,0,0,0,0,51,36,25,0,0,0,0,0,61
"Marquette, MI","32100",1995,58,57,1,0,0,0,0,60,26,10,0,0,0,0,0,58
"Martinsville, VA","32300",1995,238,150,68,19,1,0,0,169,93,45,0,0,212,0,0,26
"Mason City, IA","32380",1995,340,290,49,1,0,0,0,142,53,31,0,0,0,0,0,340
"Mayfield, KY","32460",1995,214,159,52,3,0,0,0,126,84,44,0,0,214,0,0,0
"Medford, OR","32780",1995,365,283,78,4,0,0,0,119,58,43,210,0,112,0,0,43
"Memphis, TN-MS-AR","32820",1995,365,172,118,57,14,4,0,219,133,54,21,91,195,53,0,5
"Merced, CA","32900",1995,362,190,79,59,30,4,0,209,147,49,0,32,316,0,0,14
"Meridian, MS","32940",1995,275,209,58,7,1,0,0,151,77,40,0,0,275,0,0,0
"Mexico, MO","33020",1995,56,54,2,0,0,0,0,75,42,17,0,0,0,0,0,56
"Miami-Fort Lauderdale-West Palm Beach, FL","33100",1995,365,270,73,19,3,0,0,161,80,43,20,63,233,29,16,4
"Michigan City-La Porte, IN","33140",1995,365,254,62,28,15,6,0,227,112,39,0,0,168,188,0,9
"Middlesborough, KY","33180",1995,365,279,69,16,1,0,0,151,80,35,142,0,205,0,0,18
"Milledgeville, GA","33300",1995,357,320,32,5,0,0,0,122,52,3,0,0,0,357,0,0
"Milwaukee-Waukesha-West Allis, WI","33340",1995,365,239,84,28,8,6,0,212,108,44,4,158,134,49,0,20
"Minneapolis-St. Paul-Bloomington, MN-WI","33460",1995,365,172,148,40,5,0,0,182,103,52,38,117,77,108,0,25
"Missoula, MT","33540",1995,365,326,39,0,0,0,0,84,51,32,264,0,0,0,0,101
"Mobile, AL","33660",1995,352,177,68,103,4,0,0,170,130,50,0,0,190,153,0,9
"Modesto, CA","33700",1995,365,209,107,28,18,3,0,206,119,46,7,125,209,0,0,24
"Monroe, LA","33740",1995,362,268,65,28,1,0,0,151,93,39,0,0,345,5,0,12
"Monroe, MI","33780",1995,61,59,2,0,0,0,0,54,37,20,0,0,0,0,0,61
"Montgomery, AL","33860",1995,365,291,59,10,5,0,0,169,77,36,0,25,292,9,0,39
"Montrose, CO","33940",1995,6,6,0,0,0,0,0,38,38,29,0,0,0,0,0,6
"Morgan City, LA","34020",1995,267,207,27,26,7,0,0,177,105,34,0,1,266,0,0,0
"Morgantown, WV","34060",1995,363,286,50,26,1,0,0,176,80,27,0,0,0,356,0,7
"Morristown, TN","34100",1995,229,68,82,54,23,2,0,212,151,80,0,0,223,6,0,0
"Mount Vernon, OH","34540",1995,206,130,56,15,5,0,0,197,100,46,0,0,206,0,0,0
"Mount Vernon-Anacortes, WA","34580",1995,365,270,74,21,0,0,0,147,82,30,0,0,0,365,0,0
"Muscatine, IA","34700",1995,365,173,70,80,42,0,0,200,156,57,0,0,0,365,0,0
"Muskegon, MI","34740",1995,183,118,35,17,9,4,0,251,126,44,0,0,183,0,0,0
"Muskogee, OK","34780",1995,365,330,30,5,0,0,0,146,49,19,0,149,0,182,0,34
"Napa, CA","34900",1995,364,342,14,7,1,0,0,177,44,31,12,116,232,0,0,4
"Naples-Immokalee-Marco Island, FL","34940",1995,59,58,1,0,0,0,0,56,22,14,0,0,0,0,0,59
"Nashville-Davidson--Murfreesboro--Franklin, TN","34980",1995,365,123,126,81,34,1,0,203,150,74,17,16,202,124,0,6
"Natchez, MS-LA","35020",1995,261,201,49,10,1,0,0,169,84,39,0,0,261,0,0,0
"New Castle, PA","35260",1995,363,225,116,19,3,0,0,187,86,44,4,91,132,107,0,29
"New Haven-Milford, CT","35300",1995,365,240,97,16,6,6,0,238,90,44,1,148,136,61,0,19
"New Orleans-Metairie, LA","35380",1995,365,198,108,42,17,0,0,192,119,48,8,80,209,65,0,3
"New Philadelphia-Dover, OH","35420",1995,329,182,91,55,1,0,0,188,108,46,0,0,0,329,0,0
"New York-Newark-Jersey City, NY-NJ-PA","35620",1995,365,82,196,55,20,12,0,244,143,65,36,122,102,104,0,1
"Niles-Benton Harbor, MI","35660",1995,183,105,50,22,4,2,0,206,115,47,0,0,183,0,0,0
"Nogales, AZ","35700",1995,67,59,8,0,0,0,0,85,53,30,0,0,0,0,0,67
"North Port-Sarasota-Bradenton, FL","35840",1995,365,227,126,11,1,0,0,154,75,47,138,0,201,14,0,12
"Norwich-New London, CT","35980",1995,365,306,44,7,5,3,0,215,67,32,0,0,191,162,0,12
"Odessa, TX","36220",1995,15,14,1,0,0,0,0,54,35,15,0,0,0,0,0,15
"Ogden-Clearfield, UT","36260",1995,365,207,144,11,3,0,0,185,79,48,49,164,130,5,0,17
"Oklahoma City, OK","36420",1995,365,226,94,34,11,0,0,195,108,45,32,77,251,1,0,4
"Olympia-Tumwater, WA","36500",1995,364,347,17,0,0,0,0,66,37,18,324,0,0,0,0,40
"Omaha-Council Bluffs, NE-IA","36540",1995,365,267,78,20,0,0,0,147,84,40,58,0,130,60,0,117
"Orlando-Kissimmee-Sanford, FL","36740",1995,365,274,69,21,1,0,0,151,87,41,11,28,321,3,0,2
"Oshkosh-Neenah, WI","36780",1995,184,143,30,8,3,0,0,156,87,38,0,0,184,0,0,0
"Othello, WA","36830",1995,25,25,0,0,0,0,0,31,31,15,0,0,0,0,0,25
"Ottawa-Peru, IL","36860",1995,360,314,46,0,0,0,0,81,53,23,0,0,0,0,0,360
"Owensboro, KY","36980",1995,365,183,130,44,8,0,0,195,115,50,4,25,164,162,0,10
"Oxford, NC","37080",1995,238,110,68,52,8,0,0,179,133,58,0,0,212,0,0,26
"Oxnard-Thousand Oaks-Ventura, CA","37100",1995,365,134,103,63,43,22,0,241,179,67,0,59,304,0,0,2
"Paducah, KY-IL","37140",1995,365,205,121,34,5,0,0,166,101,47,2,40,170,143,0,10
"Palatka, FL","37260",1995,365,317,38,10,0,0,0,146,57,14,0,0,0,328,0,37
"Palm Bay-Melbourne-Titusville, FL","37340",1995,365,313,51,1,0,0,0,119,58,38,0,0,364,0,0,1
"Panama City, FL","37460",1995,65,63,2,0,0,0,0,64,34,21,0,0,0,0,0,65
"Paris, TN","37540",1995,55,47,7,0,0,1,0,210,52,27,0,0,0,0,0,55
"Parkersburg-Vienna, WV","37620",1995,362,186,103,54,18,1,0,201,129,50,0,0,150,209,0,3
"Payson, AZ","37740",1995,141,127,14,0,0,0,0,99,49,23,0,0,0,0,83,58
"Pensacola-Ferry Pass-Brent, FL","37860",1995,364,233,89,35,7,0,0,177,105,44,0,0,298,64,0,2
"Peoria, IL","37900",1995,365,150,108,89,18,0,0,200,133,64,62,0,114,188,0,1
"Philadelphia-Camden-Wilmington, PA-NJ-DE-MD","37980",1995,365,40,164,113,37,11,0,243,159,91,1,54,110,180,0,20
"Phoenix-Mesa-Scottsdale, AZ","38060",1995,365,46,213,85,21,0,0,185,131,79,59,81,170,47,0,8
"Pine Bluff, AR","38220",1995,57,50,7,0,0,0,0,60,51,19,0,0,0,0,0,57
"Pittsburgh, PA","38300",1995,365,16,153,148,39,9,0,221,166,103,0,10,52,303,0,0
"Pittsfield, MA","38340",1995,171,141,25,5,0,0,0,143,64,36,0,0,171,0,0,0
"Pocatello, ID","38540",1995,365,224,105,36,0,0,0,126,100,41,0,106,16,166,0,77
"Ponca City, OK","38620",1995,364,346,13,5,0,0,0,117,40,10,0,0,0,330,0,34
"Ponce, PR","38660",1995,56,54,2,0,0,0,0,55,31,20,0,0,0,0,0,56
"Port Angeles, WA","38820",1995,365,197,79,83,6,0,0,200,119,44,0,0,100,256,0,9
"Port Clinton, OH","38840",1995,55,55,0,0,0,0,0,44,39,23,0,0,0,0,0,55
"Port St. Lucie, FL","38940",1995,92,86,6,0,0,0,0,80,47,28,0,0,92,0,0,0
"Portland-South Portland, ME","38860",1995,365,295,44,16,6,4,0,222,80,39,0,7,296,50,0,12
"Portland-Vancouver-Hillsboro, OR-WA","38900",1995,365,298,61,4,2,0,0,169,60,39,204,7,131,9,0,14
"Portsmouth, OH","39020",1995,361,346,15,0,0,0,0,70,42,26,0,48,0,137,0,176
"Pottsville, PA","39060",1995,362,337,23,2,0,0,0,111,41,17,53,0,0,309,0,0
"Prescott, AZ","39140",1995,60,59,1,0,0,0,0,58,31,18,0,0,0,0,0,60
"Providence-Warwick, RI-MA","39300",1995,365,225,99,29,5,7,0,236,105,46,17,56,162,127,0,3
"Provo-Orem, UT","39340",1995,365,198,160,7,0,0,0,136,75,49,104,86,139,0,2,34
"Pueblo, CO","39380",1995,51,48,3,0,0,0,0,73,42,20,0,0,0,0,0,51
"Quincy, IL-MO","39500",1995,365,278,56,30,1,0,0,158,93,35,0,0,244,112,0,9
"Racine, WI","39540",1995,363,313,33,7,9,1,0,202,61,26,188,0,175,0,0,0
"Raleigh, NC","39580",1995,365,220,87,44,14,0,0,185,122,44,156,0,206,0,0,3
"Rapid City, SD","39660",1995,364,287,77,0,0,0,0,99,57,34,0,0,0,0,0,364
"Reading, PA","39740",1995,365,216,105,33,9,2,0,209,107,46,1,116,117,131,0,0
"Red Bluff, CA","39780",1995,313,207,68,29,9,0,0,195,105,41,0,0,298,0,0,15
"Redding, CA","39820",1995,339,257,58,24,0,0,0,143,84,43,0,0,328,0,0,11
"Reno, NV","39900",1995,365,241,117,7,0,0,0,126,67,47,52,0,250,0,0,63
"Rexburg, ID","39940",1995,60,58,2,0,0,0,0,63,40,19,0,0,0,0,0,60
"Richmond, IN","39980",1995,365,218,106,38,3,0,0,200,105,37,0,0,0,365,0,0
"Richmond, VA","40060",1995,365,164,145,36,19,1,0,203,119,54,0,131,146,88,0,0
"Richmond-Berea, KY","40080",1995,60,57,3,0,0,0,0,58,45,23,0,0,0,0,0,60
"Riverside-San Bernardino-Ontario, CA","40140",1995,365,44,116,84,45,76,0,273,223,106,0,110,230,0,1,24
"Riverton, WY","40180",1995,262,224,38,0,0,0,0,70,54,20,0,0,0,0,0,262
"Roanoke Rapids, NC","40260",1995,299,214,64,18,3,0,0,166,87,37,0,0,208,75,0,16
"Roanoke, VA","40220",1995,365,257,83,24,1,0,0,154,87,40,28,116,191,13,0,17
"Rochester, MN","40340",1995,275,275,0,0,0,0,0,46,33,23,245,0,0,0,0,30
"Rochester, NY","40380",1995,365,150,140,68,7,0,0,190,111,60,9,0,120,234,0,2
"Rock Springs, WY","40540",1995,298,282,16,0,0,0,0,99,39,19,0,0,0,0,0,298
"Rockford, IL","40420",1995,365,305,44,12,4,0,0,182,74,35,95,0,269,0,0,1
"Rockland, ME","40500",1995,237,209,16,6,4,2,0,210,54,31,0,0,174,0,0,63
"Rocky Mount, NC","40580",1995,60,59,1,0,0,0,0,62,30,18,0,0,0,0,0,60
"Rome, GA","40660",1995,351,331,17,3,0,0,0,119,39,6,0,0,0,351,0,0
"Roseburg, OR","40700",1995,76,76,0,0,0,0,0,38,29,15,0,0,0,0,0,76
"Roswell, NM","40740",1995,57,55,2,0,0,0,0,56,31,17,0,0,0,0,0,57
"Russellville, AR","40780",1995,56,56,0,0,0,0,0,46,40,20,0,0,0,0,0,56
"Ruston, LA","40820",1995,25,24,1,0,0,0,0,59,26,15,0,0,0,0,0,25
"Rutland, VT","40860",1995,365,332,33,0,0,0,0,92,49,25,2,241,0,107,0,15
"Sacramento--Roseville--Arden-Arcade, CA","40900",1995,365,139,143,45,27,11,0,224,154,58,49,38,253,0,6,19
"Safford, AZ","40940",1995,60,54,6,0,0,0,0,88,51,30,0,0,0,0,0,60
"Saginaw, MI","40980",1995,20,20,0,0,0,0,0,31,24,9,0,0,0,0,0,20
"Salem, OH","41400",1995,364,199,125,39,1,0,0,159,101,46,0,144,0,194,0,26
"Salem, OR","41420",1995,277,243,31,3,0,0,0,105,52,33,178,0,99,0,0,0
"Salinas, CA","41500",1995,365,339,25,1,0,0,0,122,48,35,0,36,323,0,0,6
"Salisbury, MD-DE","41540",1995,339,239,72,23,5,0,0,197,87,32,0,0,178,142,0,19
"Salt Lake City, UT","41620",1995,365,149,171,36,9,0,0,200,105,54,32,19,124,101,0,89
"San Antonio-New Braunfels, TX","41700",1995,365,266,52,33,13,1,0,203,115,40,36,0,324,0,0,5
"San Diego-Carlsbad, CA","41740",1995,365,107,128,88,35,7,0,218,154,77,0,88,274,2,0,1
"San Francisco-Oakland-Hayward, CA","41860",1995,365,261,80,12,8,4,0,210,79,42,2,155,188,6,9,5
"San Jose-Sunnyvale-Santa Clara, CA","41940",1995,365,217,112,22,13,1,0,204,100,46,5,129,226,0,2,3
"San Juan-Carolina-Caguas, PR","41980",1995,365,191,161,11,2,0,0,162,76,49,170,0,0,163,0,32
"San Luis Obispo-Paso Robles-Arroyo Grande, CA","42020",1995,365,166,147,50,2,0,0,176,105,56,1,22,198,141,0,3
"Sandpoint, ID","41760",1995,116,109,7,0,0,0,0,63,42,21,0,0,0,0,0,116
"Santa Cruz-Watsonville, CA","42100",1995,365,336,29,0,0,0,0,100,48,36,0,6,332,6,0,21
"Santa Fe, NM","42140",1995,364,364,0,0,0,0,0,33,19,11,239,0,0,0,0,125
"Santa Maria-Santa Barbara, CA","42200",1995,365,148,159,45,11,2,0,214,119,54,6,24,330,4,0,1
"Santa Rosa, CA","42220",1995,365,337,23,4,1,0,0,161,47,37,0,95,266,0,0,4
"Savannah, GA","42340",1995,322,240,75,7,0,0,0,119,71,37,0,0,148,145,0,29
"Scottsbluff, NE","42420",1995,48,45,3,0,0,0,0,73,44,24,0,0,0,0,0,48
"Scottsboro, AL","42460",1995,355,310,31,12,2,0,0,193,56,16,0,0,0,320,0,35
"Scranton--Wilkes-Barre--Hazleton, PA","42540",1995,365,262,65,27,11,0,0,197,101,41,3,144,166,48,0,4
"Searcy, AR","42620",1995,54,52,2,0,0,0,0,54,42,21,0,0,0,0,0,54
"Seattle-Tacoma-Bellevue, WA","42660",1995,365,189,154,22,0,0,0,143,85,50,123,16,60,144,3,19
"Seneca, SC","42860",1995,358,269,80,8,1,0,0,151,77,41,0,0,351,7,0,0
"Sevierville, TN","42940",1995,264,85,102,62,14,1,0,203,129,74,0,0,264,0,0,0
"Sheboygan, WI","43100",1995,180,134,24,14,7,1,0,206,112,41,0,0,180,0,0,0
"Sheridan, WY","43260",1995,264,213,51,0,0,0,0,90,58,31,0,0,0,0,0,264
"Show Low, AZ","43320",1995,116,116,0,0,0,0,0,43,25,14,0,0,0,0,89,27
"Shreveport-Bossier City, LA","43340",1995,365,269,70,24,2,0,0,169,93,40,0,0,359,0,0,6
"Sierra Vista-Douglas, AZ","43420",1995,305,217,86,2,0,0,0,112,71,45,0,0,260,0,19,26
"Silver City, NM","43500",1995,365,312,45,8,0,0,0,146,59,14,0,0,0,303,0,62
"Sioux City, IA-NE-SD","43580",1995,55,49,6,0,0,0,0,59,51,19,0,0,0,0,0,55
"Sioux Falls, SD","43620",1995,61,60,1,0,0,0,0,52,38,19,0,0,0,0,0,61
"Somerset, KY","43700",1995,238,147,73,16,2,0,0,200,93,46,0,0,213,0,0,25
"Sonora, CA","43760",1995,364,225,86,41,12,0,0,200,115,44,6,0,358,0,0,0
"South Bend-Mishawaka, IN-MI","43780",1995,365,259,66,22,16,2,0,206,105,37,13,162,181,0,0,9
"Spartanburg, SC","43900",1995,364,256,78,25,5,0,0,195,93,39,0,0,358,0,0,6
"Spokane-Spokane Valley, WA","44060",1995,365,189,171,4,1,0,0,161,69,50,200,0,119,0,0,46
"Springfield, IL","44100",1995,365,243,52,60,10,0,0,189,120,40,21,0,236,103,0,5
"Springfield, MA","44140",1995,365,234,98,24,7,2,0,205,93,45,8,122,184,47,0,4
"Springfield, MO","44180",1995,365,187,120,49,9,0,0,199,112,50,7,66,158,93,0,41
"Springfield, OH","44220",1995,357,242,69,37,8,1,0,208,108,39,0,0,210,147,0,0
"St. Cloud, MN","41060",1995,348,346,2,0,0,0,0,63,38,24,348,0,0,0,0,0
"St. George, UT","41100",1995,145,108,37,0,0,0,0,90,64,43,38,0,67,0,0,40
"St. Joseph, MO-KS","41140",1995,365,281,50,27,7,0,0,200,97,17,0,0,0,224,0,141
"St. Louis, MO-IL","41180",1995,365,10,98,171,77,9,0,221,182,116,0,4,65,294,0,2
"Steamboat Springs, CO","44460",1995,350,300,50,0,0,0,0,93,57,20,0,0,0,0,0,350
"Stockton-Lodi, CA","44700",1995,365,255,78,22,9,1,0,202,87,42,15,114,207,0,0,29
"Summerville, GA","44900",1995,58,56,2,0,0,0,0,67,42,19,0,0,0,0,0,58
"Syracuse, NY","45060",1995,365,301,49,10,5,0,0,174,67,37,19,0,325,14,0,7
"Talladega-Sylacauga, AL","45180",1995,61,57,4,0,0,0,0,63,48,28,0,0,0,0,0,61
"Tallahassee, FL","45220",1995,265,207,53,5,0,0,0,147,71,38,0,0,265,0,0,0
"Tampa-St. Petersburg-Clearwater, FL","45300",1995,365,52,154,145,14,0,0,200,130,94,4,4,74,281,0,2
"Taos, NM","45340",1995,319,313,6,0,0,0,0,67,27,11,0,0,0,0,0,319
"Terre Haute, IN","45460",1995,365,185,125,51,4,0,0,180,107,50,6,0,145,208,0,6
"Texarkana, TX-AR","45500",1995,58,56,2,0,0,0,0,52,42,22,0,0,0,0,0,58
"Tiffin, OH","45660",1995,141,130,11,0,0,0,0,80,47,20,0,0,0,0,0,141
"Toledo, OH","45780",1995,365,241,93,22,9,0,0,197,97,40,12,0,168,113,0,72
"Topeka, KS","45820",1995,39,36,3,0,0,0,0,65,49,24,0,0,0,0,0,39
"Torrington, CT","45860",1995,239,181,36,15,6,1,0,202,97,42,0,0,214,0,0,25
"Traverse City, MI","45900",1995,177,121,33,16,7,0,0,192,112,43,0,0,177,0,0,0
"Trenton, NJ","45940",1995,365,282,44,21,13,5,0,218,108,38,0,143,220,0,0,2
"Troy, AL","45980",1995,56,55,1,0,0,0,0,54,34,20,0,0,0,0,0,56
"Truckee-Grass Valley, CA","46020",1995,303,194,80,26,3,0,0,166,100,44,0,0,303,0,0,0
"Tucson, AZ","46060",1995,365,169,168,25,3,0,0,166,93,51,44,99,204,0,0,18
"Tullahoma-Manchester, TN","46100",1995,275,191,76,8,0,0,0,140,87,43,0,14,238,19,0,4
"Tulsa, OK","46140",1995,365,159,134,52,18,2,0,210,126,56,7,36,185,130,0,7
"Tupelo, MS","46180",1995,262,192,57,13,0,0,0,150,87,42,0,0,262,0,0,0
"Tuscaloosa, AL","46220",1995,61,58,3,0,0,0,0,57,44,24,0,0,0,0,0,61
"Twin Falls, ID","46300",1995,61,59,2,0,0,0,0,81,31,20,0,0,0,0,0,61
"Tyler, TX","46340",1995,337,213,76,36,12,0,0,187,122,44,0,0,330,0,0,7
"Ukiah, CA","46380",1995,365,359,6,0,0,0,0,84,42,31,20,49,278,0,0,18
"Urban Honolulu, HI","46520",1995,365,362,3,0,0,0,0,62,39,22,116,3,153,22,0,71
"Utica-Rome, NY","46540",1995,365,328,29,7,1,0,0,159,51,35,0,0,363,1,0,1
"Vallejo-Fairfield, CA","46700",1995,365,308,44,9,4,0,0,185,61,36,20,92,248,1,0,4
"Vicksburg, MS","46980",1995,289,205,67,17,0,0,0,126,87,41,0,0,274,0,0,15
"Victoria, TX","47020",1995,277,219,35,17,6,0,0,174,93,36,0,0,277,0,0,0
"Vineland-Bridgeton, NJ","47220",1995,365,284,55,19,5,2,0,210,93,35,0,0,303,62,0,0
"Virginia Beach-Norfolk-Newport News, VA-NC","47260",1995,365,180,136,43,6,0,0,200,107,51,8,80,161,116,0,0
"Visalia-Porterville, CA","47300",1995,365,141,86,88,46,4,0,207,164,74,2,85,250,0,18,10
"Walla Walla, WA","47460",1995,67,58,9,0,0,0,0,75,53,21,0,0,0,0,0,67
"Walterboro, SC","47500",1995,314,248,62,4,0,0,0,143,64,37,0,0,314,0,0,0
"Warren, PA","47620",1995,71,52,19,0,0,0,0,94,64,31,0,0,0,71,0,0
"Warsaw, IN","47700",1995,161,80,56,21,4,0,0,159,115,51,0,0,161,0,0,0
"Washington, IN","47780",1995,360,274,49,34,3,0,0,173,101,17,0,0,0,360,0,0
"Washington, NC","47820",1995,357,330,23,4,0,0,0,116,43,7,0,0,0,318,0,39
"Washington-Arlington-Alexandria, DC-VA-MD-WV","47900",1995,365,137,146,50,26,6,0,219,143,60,8,102,138,80,35,2
"Waterloo-Cedar Falls, IA","47940",1995,55,50,5,0,0,0,0,68,48,31,0,0,0,0,0,55
"Watertown-Fort Atkinson, WI","48020",1995,182,126,42,10,4,0,0,172,100,42,0,0,182,0,0,0
"Watertown-Fort Drum, NY","48060",1995,246,195,39,6,5,1,0,203,77,40,0,0,246,0,0,0
"Wausau, WI","48140",1995,365,308,49,6,2,0,0,188,64,29,0,0,164,179,0,22
"Weirton-Steubenville, WV-OH","48260",1995,365,37,151,142,35,0,0,200,148,97,1,3,51,300,0,10
"Wenatchee, WA","48300",1995,78,73,5,0,0,0,0,58,45,19,0,0,0,0,0,78
"Wheeling, WV-OH","48540",1995,365,96,122,132,15,0,0,200,130,84,12,0,65,280,0,8
"Whitewater-Elkhorn, WI","48580",1995,175,115,38,18,4,0,0,177,105,44,0,0,175,0,0,0
"Wichita Falls, TX","48660",1995,59,57,2,0,0,0,0,52,31,16,0,0,0,0,0,59
"Wichita, KS","48620",1995,365,296,58,10,1,0,0,156,71,35,72,0,274,0,0,19
"Williamsport, PA","48700",1995,325,276,40,9,0,0,0,143,58,32,0,0,176,125,0,24
"Williston, ND","48780",1995,365,358,6,1,0,0,0,105,30,10,0,0,0,334,0,31
"Wilmington, NC","48900",1995,350,229,63,53,5,0,0,175,110,29,0,0,0,326,0,24
"Wilmington, OH","48940",1995,205,97,62,33,12,1,0,205,133,51,0,0,205,0,0,0
"Wilson, NC","48980",1995,60,60,0,0,0,0,0,44,30,18,0,0,0,0,0,60
"Winchester, VA-WV","49020",1995,238,151,61,23,3,0,0,166,101,45,0,0,212,0,0,26
"Winston-Salem, NC","49180",1995,365,216,98,42,7,2,0,207,112,46,33,84,191,51,0,6
"Woodward, OK","49260",1995,57,57,0,0,0,0,0,47,30,15,0,0,0,0,0,57
"Worcester, MA-CT","49340",1995,365,285,58,16,4,2,0,203,80,41,3,132,212,17,0,1
"Yakima, WA","49420",1995,365,322,43,0,0,0,0,77,52,31,326,0,0,0,0,39
"York-Hanover, PA","49620",1995,363,258,76,24,5,0,0,164,90,41,0,178,132,51,0,2
"Youngstown-Warren-Boardman, OH-PA","49660",1995,365,181,138,35,10,1,0,208,108,51,0,0,158,191,0,16
"Yuba City, CA","49700",1995,365,228,85,37,15,0,0,195,115,44,11,77,257,0,0,20
"Yuma, AZ","49740",1995,186,148,33,5,0,0,0,143,64,37,0,0,153,0,0,33
